FECHA;DEMANDA_GAS;TMAX;TMIN
07/01/1996;4114.00;28.1;19
07/02/1996;4538.00;26.7;21
07/03/1996;4481.00;27.9;20
07/04/1996;4432.00;29;20.4
07/05/1996;4395.00;36.7;20.4
07/06/1996;4005.00;27.8;22.3
07/07/1996;3678.00;33.8;20.6
07/08/1996;4410.00;29.1;16.6
07/09/1996;4630.00;26.8;16.2
07/10/1996;4750.00;28;17
07/11/1996;4706.00;28.2;17.6
07/12/1996;4501.00;28.6;19.4
07/13/1996;3982.00;28.5;18.4
07/14/1996;3647.00;29.4;20.3
07/15/1996;4295.00;31.2;17.2
07/16/1996;4503.00;31.8;17.8
07/17/1996;4541.00;32.3;19.2
07/18/1996;4469.00;32.8;18.6
07/19/1996;4455.00;33.5;20.5
07/20/1996;4010.00;29.8;22.6
07/21/1996;3681.00;30.5;20.6
07/22/1996;4262.00;30.2;19.2
07/23/1996;4443.00;29.6;20.6
07/24/1996;4457.00;34.8;21.4
07/25/1996;4359.00;33;23.3
07/26/1996;4309.00;30.6;21
07/27/1996;3805.00;30.5;21.2
07/28/1996;3346.00;29.8;20.4
07/29/1996;3910.00;30.6;19.8
07/30/1996;4165.00;30.8;22.4
07/31/1996;4182.00;29.6;22
08/01/1996;4182.00;30.3;21
08/02/1996;4035.00;30.6;21.6
08/03/1996;3407.00;29.6;22.4
08/04/1996;3038.00;30.6;21.8
08/05/1996;3268.00;31.4;21.4
08/06/1996;3312.00;31.2;20.2
08/07/1996;3370.00;31;22.4
08/08/1996;3377.00;30.8;21.4
08/09/1996;3349.00;31.2;21.2
08/10/1996;2798.00;33;20.7
08/11/1996;2458.00;31.8;21.4
08/12/1996;2517.00;30;22
08/13/1996;2486.00;28.8;24.8
08/14/1996;2545.00;27.2;23
08/15/1996;2194.00;28.3;21.8
08/16/1996;2152.00;30;21.8
08/17/1996;1930.00;32;20
08/18/1996;1732.00;34.6;20.2
08/19/1996;1991.00;31.2;20.4
08/20/1996;2073.00;30.4;23
08/21/1996;2109.00;32.4;22
08/22/1996;2110.00;30;20.4
08/23/1996;2171.00;36.8;20.4
08/24/1996;1944.00;30.4;22.2
08/25/1996;1804.00;29;20.6
08/26/1996;2278.00;29.8;21.6
08/27/1996;2530.00;29;21.4
08/28/1996;2555.00;26.6;20
08/29/1996;2663.00;24.5;18
08/30/1996;2779.00;25.6;18.3
08/31/1996;2519.00;27;16.6
09/01/1996;2331.00;27;17.1
09/02/1996;3353.00;29;17.6
09/03/1996;4010.00;24;17.3
09/04/1996;4265.00;26.5;19
09/05/1996;4207.00;32.5;19.7
09/06/1996;4225.00;31.9;19.6
09/07/1996;3819.00;31.8;17.8
09/08/1996;3481.00;28;16.8
09/09/1996;4250.00;24.2;16.2
09/10/1996;4670.00;22.4;15.5
09/11/1996;4540.00;18.8;15.4
09/12/1996;4552.00;25;15
09/13/1996;4455.00;26.2;13.4
09/14/1996;3893.00;25;17
09/15/1996;3687.00;27.3;18.8
09/16/1996;4421.00;26.5;16.3
09/17/1996;4464.00;29.5;17.2
09/18/1996;4526.00;26.5;15.2
09/19/1996;4691.00;28;17.4
09/20/1996;4700.00;25.5;18.4
09/21/1996;4116.00;26;15.6
09/22/1996;3797.00;26;12.4
09/23/1996;4541.00;28;15.5
09/24/1996;4823.00;26.8;16.4
09/25/1996;4844.00;27.4;15.4
09/26/1996;4748.00;24.8;15.5
09/27/1996;4601.00;30;13.4
09/28/1996;4052.00;26.3;16.2
09/29/1996;3776.00;26;16.4
09/30/1996;4494.00;25.4;18.4
10/01/1996;4590.00;28.4;15.8
10/02/1996;4612.00;27.4;13.2
10/03/1996;4697.00;24.6;13
10/04/1996;4568.00;24.8;11
10/05/1996;4170.00;23.6;12.2
10/06/1996;3896.00;21;12.6
10/07/1996;4524.00;23.8;9.4
10/08/1996;4833.00;25.4;9.5
10/09/1996;4542.00;24.4;10
10/10/1996;4777.00;23;13.6
10/11/1996;4798.00;23.8;14.2
10/12/1996;4144.00;22.6;15
10/13/1996;3883.00;22.6;14.8
10/14/1996;4608.00;18.5;15.2
10/15/1996;4884.00;24.5;13
10/16/1996;4763.00;25.2;14.2
10/17/1996;4758.00;24.5;13
10/18/1996;4699.00;29.2;15.8
10/19/1996;4021.00;28.2;15.6
10/20/1996;3738.00;27.5;13.2
10/21/1996;4204.00;27.5;14.6
10/22/1996;4483.00;27.2;12.6
10/23/1996;4651.00;22.5;12.2
10/24/1996;4582.00;22.5;16.4
10/25/1996;4613.00;21.6;13.8
10/26/1996;4094.00;22.6;17.2
10/27/1996;3762.00;24;13.4
10/28/1996;4526.00;24.6;10.6
10/29/1996;4751.00;28;13
10/30/1996;4749.00;20.8;11.2
10/31/1996;4744.00;24;8.8
11/01/1996;4245.00;24.6;8.6
11/02/1996;3905.00;23.4;9
11/03/1996;3713.00;22.8;8.8
11/04/1996;4650.00;25;8.6
11/05/1996;4868.00;22.6;12.2
11/06/1996;4904.00;22;8.4
11/07/1996;4914.00;25.4;7
11/08/1996;4894.00;22;8.4
11/09/1996;4259.00;20.5;12.2
11/10/1996;3958.00;23.2;9.2
11/11/1996;4733.00;18.6;13.2
11/12/1996;5033.00;18;12
11/13/1996;5097.00;14.4;11
11/14/1996;5228.00;13.6;10.6
11/15/1996;5314.00;12;7.8
11/16/1996;4733.00;8.7;6.4
11/17/1996;4252.00;14;5.4
11/18/1996;4805.00;16.4;7.4
11/19/1996;5114.00;15;6.2
11/20/1996;5031.00;19.4;13.2
11/21/1996;4997.00;21.5;14.4
11/22/1996;4888.00;20.5;14.8
11/23/1996;4550.00;20.7;11.4
11/24/1996;4243.00;19;7.2
11/25/1996;5124.00;21.5;7.4
11/26/1996;5057.00;23.5;16.4
11/27/1996;4843.00;23.4;14.5
11/28/1996;4713.00;18.2;10
11/29/1996;4652.00;18.5;7.4
11/30/1996;4193.00;20.8;7.3
12/01/1996;3620.00;22.7;10.2
12/02/1996;4580.00;23;8
12/03/1996;4845.00;19;8.2
12/04/1996;4919.00;18;6.4
12/05/1996;5078.00;13.8;6.2
12/06/1996;4544.00;15;4.8
12/07/1996;4267.00;13;6.6
12/08/1996;4086.00;10.2;5.8
12/09/1996;5147.00;16.8;4.8
12/10/1996;5219.00;17.4;6.9
12/11/1996;5066.00;13.2;7
12/12/1996;5307.00;20.4;9
12/13/1996;5417.00;19.8;13.6
12/14/1996;4669.00;19.5;8.9
12/15/1996;4324.00;15.5;6
12/16/1996;5307.00;17.4;6.6
12/17/1996;5438.00;15.8;6.4
12/18/1996;5268.00;14.7;8.2
12/19/1996;5240.00;18.3;10.8
12/20/1996;5052.00;19;8.8
12/21/1996;4264.00;17.8;11
12/22/1996;3679.00;17;9
12/23/1996;3532.00;18;8.5
12/24/1996;2745.00;16.4;11.6
12/25/1996;1991.00;17.2;8.8
12/26/1996;2858.00;18;3.2
12/27/1996;3199.00;14.5;1.6
12/28/1996;2969.00;11.2;-0.4
12/29/1996;2817.00;8.4;5.4
12/30/1996;3125.00;10.6;6.6
12/31/1996;2952.00;12.5;5
01/01/1997;2234.00;15.5;5.5
01/02/1997;3574.00;15.4;7
01/03/1997;4120.00;11.4;5.8
01/04/1997;3642.00;12.3;2.4
01/05/1997;3537.00;6.1;1.2
01/06/1997;3496.00;9.8;3
01/07/1997;4919.00;13;0.8
01/08/1997;5324.00;15;5.4
01/09/1997;5232.00;18;11.4
01/10/1997;5259.00;18.5;7.8
01/11/1997;4573.00;19.4;6
01/12/1997;4189.00;15.7;5.4
01/13/1997;5283.00;15.5;7.8
01/14/1997;5527.00;10.7;6
01/15/1997;5649.00;13;8.2
01/16/1997;5510.00;13.8;10
01/17/1997;5420.00;17.8;7.2
01/18/1997;4815.00;16.5;5
01/19/1997;4408.00;16.4;7.6
01/20/1997;5323.00;14.7;9.4
01/21/1997;5411.00;15.6;8.8
01/22/1997;5329.00;13.8;8.8
01/23/1997;5353.00;14;10.4
01/24/1997;5359.00;14;10.8
01/25/1997;4931.00;13.7;9.2
01/26/1997;4727.00;16.5;9.5
01/27/1997;5433.00;14.5;9.2
01/28/1997;5447.00;12.5;10
01/29/1997;5566.00;13.4;9.2
01/30/1997;5540.00;15.2;6.4
01/31/1997;5545.00;15.6;6.8
02/01/1997;4815.00;17.6;6.6
02/02/1997;4490.00;19.2;7.2
02/03/1997;5494.00;14.4;9.4
02/04/1997;5507.00;15.4;7.4
02/05/1997;5418.00;18.4;3.4
02/06/1997;5413.00;17.8;5.2
02/07/1997;5483.00;14.6;5.4
02/08/1997;4751.00;15.2;4.2
02/09/1997;4445.00;17.5;3.6
02/10/1997;5433.00;18.4;4.6
02/11/1997;5406.00;22;6.4
02/12/1997;5134.00;24.4;9.5
02/13/1997;5102.00;18.8;12.2
02/14/1997;5084.00;20.2;14.2
02/15/1997;4460.00;21;13.6
02/16/1997;4141.00;21.8;5.8
02/17/1997;5181.00;17.6;5.4
02/18/1997;5383.00;20;6.5
02/19/1997;5452.00;18.7;5.8
02/20/1997;5421.00;19.5;5.4
02/21/1997;5529.00;14.8;9
02/22/1997;4757.00;16.2;11.6
02/23/1997;4350.00;17;10.8
02/24/1997;5195.00;23;8.8
02/25/1997;5317.00;25.5;12.2
02/26/1997;5455.00;24.2;11
02/27/1997;5504.00;17.5;8
02/28/1997;5534.00;18.6;5.4
03/01/1997;4694.00;17;7.2
03/02/1997;4329.00;19.4;8.2
03/03/1997;5202.00;21;6.6
03/04/1997;5385.00;23.5;7
03/05/1997;5439.00;23;8
03/06/1997;5308.00;23.5;11
03/07/1997;5336.00;18.4;8.4
03/08/1997;4560.00;18.2;7.2
03/09/1997;4057.00;19.2;5.8
03/10/1997;4888.00;17.5;4.7
03/11/1997;5190.00;22.3;4.2
03/12/1997;5280.00;17.2;7
03/13/1997;5126.00;22.6;4.8
03/14/1997;5092.00;23;7.4
03/15/1997;4561.00;20.4;5.8
03/16/1997;4272.00;23.4;7.6
03/17/1997;4930.00;25.9;7.8
03/18/1997;4827.00;27.7;9
03/19/1997;4540.00;28.6;10
03/20/1997;5112.00;18.7;9.8
03/21/1997;5280.00;19.7;8.8
03/22/1997;4755.00;19;8.2
03/23/1997;4314.00;19;8.8
03/24/1997;4989.00;27;7.2
03/25/1997;5306.00;15.2;8.8
03/26/1997;5306.00;18.2;7.4
03/27/1997;5131.00;20;6.2
03/28/1997;4036.00;23.2;5.4
03/29/1997;3760.00;17;9.8
03/30/1997;3477.00;20.4;10.6
03/31/1997;3496.00;16.5;11.4
04/01/1997;4326.00;19.4;7.6
04/02/1997;4693.00;21.9;7.2
04/03/1997;4679.00;22.4;8
04/04/1997;4679.00;23;10.2
04/05/1997;4384.00;19.4;9.6
04/06/1997;4064.00;22.8;6.4
04/07/1997;4495.00;19.5;13.4
04/08/1997;5083.00;16.4;12.6
04/09/1997;5194.00;15;11.2
04/10/1997;5227.00;16.8;9.4
04/11/1997;5127.00;22.2;7
04/12/1997;4523.00;24.2;7.4
04/13/1997;4226.00;20.2;10.6
04/14/1997;5088.00;20.8;8.7
04/15/1997;5136.00;22.8;9.2
04/16/1997;5219.00;22.5;11.2
04/17/1997;5300.00;19.7;11.8
04/18/1997;5374.00;16.2;11.8
04/19/1997;4736.00;21.4;13
04/20/1997;4365.00;18.6;12.6
04/21/1997;5144.00;19.5;12.6
04/22/1997;5303.00;19;11
04/23/1997;5385.00;19;11.8
04/24/1997;5500.00;21;10
04/25/1997;5543.00;22.2;11.6
04/26/1997;4943.00;28.5;11.8
04/27/1997;4517.00;29.5;17.6
04/28/1997;5263.00;27.6;18.4
04/29/1997;5381.00;31.5;16
04/30/1997;5364.00;23;14.4
05/01/1997;4697.00;24;12.4
05/02/1997;4865.00;22.4;14.2
05/03/1997;4544.00;23.3;13.4
05/04/1997;4180.00;32.2;14.6
05/05/1997;4898.00;28.8;19
05/06/1997;5131.00;23.8;14.2
05/07/1997;5105.00;21.2;10.4
05/08/1997;5325.00;24;9
05/09/1997;5235.00;27.6;9.8
05/10/1997;4675.00;21.8;11.6
05/11/1997;4259.00;21.5;14.5
05/12/1997;5031.00;22.5;15
05/13/1997;5219.00;20.8;14.6
05/14/1997;5340.00;21.5;13
05/15/1997;5251.00;22.3;13.4
05/16/1997;5123.00;22.6;14.6
05/17/1997;4552.00;25.8;13.4
05/18/1997;4325.00;24;13.5
05/19/1997;5003.00;28;14
05/20/1997;5198.00;28.5;19.4
05/21/1997;5169.00;25.7;16
05/22/1997;5222.00;24;14.2
05/23/1997;5338.00;24;16.5
05/24/1997;4892.00;21.8;16.8
05/25/1997;4459.00;23.2;16.7
05/26/1997;5037.00;24;16.6
05/27/1997;5176.00;25.7;17.4
05/28/1997;5325.00;30.4;16.6
05/29/1997;5270.00;26;18.2
05/30/1997;5262.00;24.3;19.6
05/31/1997;4775.00;26.5;17.2
06/01/1997;4427.00;28;17.4
06/02/1997;4926.00;29;19.4
06/03/1997;5086.00;26.8;16.8
06/04/1997;5056.00;23.2;17.8
06/05/1997;5204.00;27.5;17.7
06/06/1997;5193.00;32;19.8
06/07/1997;4784.00;29.2;19.2
06/08/1997;4435.00;28.8;19.4
06/09/1997;4990.00;27.4;18.4
06/10/1997;5249.00;27;18.6
06/11/1997;5335.00;34.7;19.6
06/12/1997;5300.00;29.8;19.8
06/13/1997;5271.00;33.2;20.4
06/14/1997;4617.00;32.5;20.4
06/15/1997;4186.00;27.8;21.5
06/16/1997;4968.00;28.4;20.4
06/17/1997;5259.00;27;21.4
06/18/1997;5272.00;22;16.8
06/19/1997;5290.00;32.2;15
06/20/1997;5323.00;27;17.4
06/21/1997;4610.00;35.6;17.8
06/22/1997;4392.00;27.4;21.2
06/23/1997;5072.00;25.6;18.4
06/24/1997;5289.00;26.5;20.8
06/25/1997;5399.00;30;18.7
06/26/1997;5383.00;30.2;18.2
06/27/1997;5457.00;22.7;18.4
06/28/1997;4934.00;26.4;17.2
06/29/1997;4500.00;27;15.4
06/30/1997;5274.00;28.7;14.5
07/01/1997;5589.00;26.7;17.4
07/02/1997;5603.00;29.4;17.8
07/03/1997;5457.00;26.3;19.8
07/04/1997;5232.00;28;18.2
07/05/1997;4758.00;26.6;16
07/06/1997;4374.00;25.5;15.8
07/07/1997;5039.00;28.5;16
07/08/1997;5284.00;29.6;16.8
07/09/1997;5305.00;27.5;18.7
07/10/1997;5281.00;27.7;17.3
07/11/1997;5305.00;27.8;17.8
07/12/1997;4774.00;29.5;18.4
07/13/1997;4445.00;29;18.4
07/14/1997;5200.00;29.2;20
07/15/1997;5366.00;28.4;22.2
07/16/1997;5356.00;30.6;21.6
07/17/1997;5326.00;30.2;20.2
07/18/1997;5361.00;28.2;19.7
07/19/1997;4953.00;26.6;21.2
07/20/1997;4586.00;27.4;21
07/21/1997;5300.00;28.6;19.8
07/22/1997;5521.00;29;19.3
07/23/1997;5420.00;28.5;19.4
07/24/1997;5346.00;32;18.4
07/25/1997;5196.00;32;20.7
07/26/1997;4687.00;31.8;19.7
07/27/1997;4412.00;32;20.4
07/28/1997;5093.00;30.6;20.8
07/29/1997;5233.00;32.6;19.4
07/30/1997;5089.00;31;21.4
07/31/1997;5089.00;32;21.4
08/01/1997;5057.00;34.6;21.6
08/02/1997;4650.00;31.5;21.8
08/03/1997;4328.00;31.6;21.4
08/04/1997;4666.00;30;23.2
08/05/1997;4781.00;30.5;22
08/06/1997;4815.00;30;22
08/07/1997;4676.00;29.6;21.4
08/08/1997;4583.00;30.4;22.6
08/09/1997;4036.00;30.8;23
08/10/1997;3587.00;28.8;17.8
08/11/1997;3744.00;33.7;17.4
08/12/1997;3750.00;30.8;20.4
08/13/1997;3736.00;30.5;20.4
08/14/1997;3570.00;31.8;20.4
08/15/1997;3119.00;31.8;19.8
08/16/1997;3119.00;31.2;21.4
08/17/1997;2847.00;30.4;21.8
08/18/1997;3345.00;31;21.2
08/19/1997;3459.00;30.7;21
08/20/1997;3506.00;31.6;21.2
08/21/1997;3440.00;31.7;22.4
08/22/1997;3377.00;30.8;21.8
08/23/1997;3021.00;30.5;21.8
08/24/1997;2809.00;29.8;21.2
08/25/1997;3169.00;31.3;21
08/26/1997;3342.00;29.7;20.2
08/27/1997;3372.00;33.6;20.7
08/28/1997;3599.00;28.9;20.4
08/29/1997;3852.00;28.2;16
08/30/1997;3428.00;29.2;17.4
08/31/1997;3309.00;29.8;17.8
09/01/1997;4162.00;28;22
09/02/1997;4534.00;27.2;19.8
09/03/1997;4706.00;28.4;17.8
09/04/1997;4685.00;28.2;18.8
09/05/1997;4612.00;28.6;19.2
09/06/1997;4123.00;28;19.8
09/07/1997;3933.00;28.8;19.6
09/08/1997;4874.00;30;18
09/09/1997;5245.00;30;20
09/10/1997;5452.00;34.4;20.2
09/11/1997;5453.00;29.5;20
09/12/1997;5375.00;30.5;20.6
09/13/1997;4878.00;31;22.5
09/14/1997;4697.00;27.4;21.8
09/15/1997;5378.00;26.2;20.8
09/16/1997;5646.00;26.2;20.4
09/17/1997;5620.00;25.8;18.8
09/18/1997;5628.00;25.5;17.4
09/19/1997;5670.00;28.7;18
09/20/1997;5116.00;28;18.4
09/21/1997;4755.00;27.5;17.8
09/22/1997;5472.00;27;19
09/23/1997;5737.00;26.8;19.6
09/24/1997;5827.00;27.5;18.6
09/25/1997;5809.00;26;18.2
09/26/1997;5916.00;24;20
09/27/1997;5322.00;25.5;18.4
09/28/1997;4980.00;22.8;19.4
09/29/1997;5640.00;23.6;17.6
09/30/1997;5806.00;26;19
10/01/1997;5849.00;28.6;18
10/02/1997;5869.00;30.2;16.4
10/03/1997;5827.00;29.2;16
10/04/1997;5281.00;26.7;16.4
10/05/1997;4755.00;24;18
10/06/1997;5422.00;25.8;18
10/07/1997;5606.00;30.8;17.8
10/08/1997;5640.00;29.5;18
10/09/1997;5274.00;31.2;17.4
10/10/1997;5357.00;34;17.4
10/11/1997;4917.00;34;20.2
10/12/1997;4548.00;31.2;19.4
10/13/1997;5583.00;23.5;17.2
10/14/1997;5923.00;23.8;14
10/15/1997;5976.00;25;11.4
10/16/1997;6030.00;26.4;12.2
10/17/1997;5993.00;24.2;14.4
10/18/1997;5166.00;24.5;15.5
10/19/1997;4730.00;24.5;16.6
10/20/1997;5404.00;27.7;17.4
10/21/1997;5573.00;29.9;20
10/22/1997;5648.00;29;18.6
10/23/1997;5719.00;28;17.8
10/24/1997;5723.00;26.4;14.4
10/25/1997;5200.00;24;14.8
10/26/1997;4679.00;26;15.6
10/27/1997;5748.00;25.7;15.8
10/28/1997;6048.00;24.8;17
10/29/1997;6139.00;18.4;12.2
10/30/1997;6151.00;20.5;9
10/31/1997;6158.00;20.2;8.6
11/01/1997;5346.00;20.2;11.8
11/02/1997;5086.00;16.2;11.4
11/03/1997;5901.00;17.8;13.6
11/04/1997;6123.00;25;15
11/05/1997;6107.00;21.5;15.6
11/06/1997;6048.00;21;13.6
11/07/1997;6159.00;20;11
11/08/1997;5608.00;21.5;16
11/09/1997;5224.00;23.2;15
11/10/1997;6103.00;20.8;13.2
11/11/1997;6297.00;21;10.6
11/12/1997;6279.00;17.6;9.4
11/13/1997;6227.00;13.5;8.4
11/14/1997;6307.00;22.5;7.8
11/15/1997;5729.00;20.4;9.4
11/16/1997;5362.00;21.5;8
11/17/1997;6027.00;24;10.6
11/18/1997;5981.00;21.2;13
11/19/1997;6030.00;20.5;13
11/20/1997;6190.00;19.8;11.7
11/21/1997;6271.00;15.7;10.5
11/22/1997;5642.00;16.5;10.6
11/23/1997;5209.00;19.5;6.6
11/24/1997;6018.00;15.3;4.6
11/25/1997;6070.00;18;10.5
11/26/1997;6107.00;18.6;10.4
11/27/1997;6240.00;21.4;8.4
11/28/1997;6190.00;20.9;8.7
11/29/1997;5603.00;19.4;11
11/30/1997;5420.00;19.8;10.4
12/01/1997;6291.00;21.4;11.4
12/02/1997;6237.00;19.2;12.4
12/03/1997;6296.00;15.5;9
12/04/1997;6582.00;10.4;5.4
12/05/1997;6647.00;11.5;5.4
12/06/1997;5693.00;15.8;3.8
12/07/1997;5376.00;18.5;0.6
12/08/1997;5671.00;19;7.8
12/09/1997;6514.00;19;7.8
12/10/1997;6615.00;18.2;5.4
12/11/1997;6573.00;18;9.6
12/12/1997;6397.00;19;10.2
12/13/1997;6139.00;16.2;4.5
12/14/1997;5716.00;15.7;1.5
12/15/1997;6561.00;14.5;0.8
12/16/1997;6512.00;13;7.2
12/17/1997;6322.00;15.2;7
12/18/1997;6177.00;18.5;11.4
12/19/1997;6152.00;16.4;10.2
12/20/1997;5692.00;16.2;8.8
12/21/1997;5239.00;15.4;8.2
12/22/1997;5645.00;20;12
12/23/1997;5319.00;20.7;8.6
12/24/1997;4183.00;19.2;6
12/25/1997;2931.00;22.4;5.8
12/26/1997;4131.00;18.8;10.2
12/27/1997;4350.00;17.6;7.8
12/28/1997;4004.00;16.2;5.7
12/29/1997;4471.00;16.7;9.4
12/30/1997;4529.00;13.8;9.4
12/31/1997;3911.00;15.7;10.3
01/01/1998;3256.00;12;8
01/02/1998;4412.00;15.8;8.6
01/03/1998;4504.00;22;13
01/04/1998;4251.00;20.5;14.6
01/05/1998;4835.00;21;8.6
01/06/1998;4618.00;17.5;6.6
01/07/1998;5913.00;17.2;5
01/08/1998;6286.00;17.4;5.2
01/09/1998;6449.00;15.5;4.4
01/10/1998;5759.00;14.5;10
01/11/1998;5228.00;16;10
01/12/1998;6253.00;15.8;9.5
01/13/1998;6599.00;18;7.3
01/14/1998;6612.00;16;6.6
01/15/1998;6466.00;17.5;3
01/16/1998;6346.00;18.3;5.6
01/17/1998;5719.00;18;3.6
01/18/1998;5352.00;20.3;4.9
01/19/1998;6072.00;20.6;13.3
01/20/1998;6231.00;21.8;11
01/21/1998;6429.00;15.2;3.1
01/22/1998;6438.00;14.7;1.6
01/23/1998;6467.00;13.6;1.7
01/24/1998;5902.00;10;5.5
01/25/1998;5555.00;12.8;4
01/26/1998;6483.00;9;5.2
01/27/1998;6601.00;12.4;5.6
01/28/1998;6387.00;14;7.6
01/29/1998;6371.00;13.5;10.2
01/30/1998;6352.00;13.5;9.6
01/31/1998;5729.00;16.6;9.5
02/01/1998;5400.00;13.4;9.6
02/02/1998;6234.00;13.5;9
02/03/1998;6485.00;18.4;11
02/04/1998;6339.00;12.2;10.4
02/05/1998;6404.00;15.8;10.5
02/06/1998;6507.00;14;9
02/07/1998;5850.00;17.4;5
02/08/1998;5409.00;15;4.2
02/09/1998;6385.00;14.5;7
02/10/1998;6550.00;14.2;9
02/11/1998;6770.00;16.5;10.2
02/12/1998;6789.00;14.6;9.2
02/13/1998;6739.00;17.5;7.6
02/14/1998;6071.00;18.8;6
02/15/1998;5526.00;19;5
02/16/1998;6592.00;14;8
02/17/1998;6692.00;18.6;7.6
02/18/1998;6677.00;18;10
02/19/1998;6697.00;18;7.2
02/20/1998;6636.00;18;8
02/21/1998;6055.00;19.2;8.4
02/22/1998;5504.00;19;8.8
02/23/1998;6401.00;17;6.4
02/24/1998;6761.00;17.7;3.6
02/25/1998;6644.00;16.8;4.2
02/26/1998;6521.00;19.2;4
02/27/1998;6454.00;23.2;5.4
02/28/1998;5747.00;22;5.6
03/01/1998;5368.00;19;6.2
03/02/1998;6279.00;18.7;5.8
03/03/1998;6488.00;23.5;6.2
03/04/1998;6365.00;24.8;7.6
03/05/1998;6479.00;26.6;12
03/06/1998;6599.00;21;8
03/07/1998;5769.00;28.4;9.2
03/08/1998;5289.00;28;12.4
03/09/1998;6142.00;23;13.8
03/10/1998;6570.00;18.2;8.8
03/11/1998;6523.00;20.5;6.4
03/12/1998;6572.00;17.2;8.2
03/13/1998;6582.00;16.5;4.4
03/14/1998;5945.00;18.6;2.6
03/15/1998;5305.00;19.2;4.6
03/16/1998;6168.00;21.2;7
03/17/1998;6459.00;23;6
03/18/1998;6241.00;23.5;8.6
03/19/1998;5724.00;19.7;8
03/20/1998;6027.00;19;7
03/21/1998;5756.00;18;7.2
03/22/1998;5490.00;16.2;9.2
03/23/1998;6550.00;15.7;10
03/24/1998;6663.00;23.6;9.8
03/25/1998;6655.00;18;11
03/26/1998;6652.00;19.5;8.4
03/27/1998;6623.00;19.8;8
03/28/1998;5822.00;18.6;10.2
03/29/1998;5554.00;15.6;13
03/30/1998;6520.00;17.6;13
03/31/1998;6791.00;19.5;12.8
04/01/1998;6543.00;25;11.6
04/02/1998;6359.00;24.4;12.8
04/03/1998;6217.00;26.7;15.2
04/04/1998;5636.00;22;15.2
04/05/1998;5284.00;22.5;11.8
04/06/1998;6109.00;22.5;8.6
04/07/1998;6358.00;24.7;14.8
04/08/1998;6358.00;18.8;11.6
04/09/1998;5533.00;20;8
04/10/1998;5035.00;16.5;8.5
04/11/1998;4747.00;14.6;5.4
04/12/1998;4425.00;19;5.8
04/13/1998;4403.00;20.5;6.6
04/14/1998;5465.00;17.4;7.2
04/15/1998;5710.00;20.8;12.6
04/16/1998;5804.00;19.2;12.4
04/17/1998;5916.00;20.6;12
04/18/1998;5354.00;22.4;6.3
04/19/1998;4884.00;23;8.4
04/20/1998;5491.00;23.6;10
04/21/1998;6174.00;20.5;10
04/22/1998;6543.00;21.7;10
04/23/1998;6455.00;25.5;14
04/24/1998;6475.00;26;12.8
04/25/1998;5890.00;24.3;11.4
04/26/1998;5450.00;28.4;13.2
04/27/1998;6316.00;23.4;12
04/28/1998;6544.00;25;10.5
04/29/1998;6349.00;24.6;13.6
04/30/1998;6337.00;21.5;12.6
05/01/1998;5678.00;18;10.4
05/02/1998;5575.00;19.7;10
05/03/1998;5236.00;22.5;10.6
05/04/1998;6198.00;22.2;10.2
05/05/1998;6502.00;22;9.8
05/06/1998;6544.00;20.4;10.4
05/07/1998;6700.00;21.5;10.8
05/08/1998;6744.00;19.7;11
05/09/1998;6040.00;20.4;11.6
05/10/1998;5465.00;20.6;13
05/11/1998;6238.00;22.2;12.8
05/12/1998;6588.00;22.4;13.5
05/13/1998;6575.00;22.2;12.4
05/14/1998;6575.00;18.7;15
05/15/1998;6528.00;25;15.4
05/16/1998;5819.00;26.6;15.4
05/17/1998;5368.00;26.2;15.5
05/18/1998;6211.00;23.8;15.8
05/19/1998;6509.00;23.6;17.4
05/20/1998;6615.00;18.4;15
05/21/1998;6591.00;23.4;13.5
05/22/1998;6575.00;25.5;13.2
05/23/1998;5978.00;25;13
05/24/1998;5454.00;24.7;14.6
05/25/1998;6363.00;24;14.5
05/26/1998;6674.00;25.4;15.6
05/27/1998;6310.00;25.7;14
05/28/1998;6484.00;25.7;14.8
05/29/1998;6456.00;25;16
05/30/1998;5803.00;25.9;17.2
05/31/1998;5408.00;27.3;16.2
06/01/1998;6224.00;25.8;17.2
06/02/1998;6478.00;25.6;17
06/03/1998;6583.00;24.5;18
06/04/1998;6569.00;25.5;17.3
06/05/1998;6495.00;26.8;19.4
06/06/1998;5914.00;30.6;18.7
06/07/1998;5499.00;27.6;19.4
06/08/1998;6383.00;26.8;19.6
06/09/1998;6528.00;29.2;18.9
06/10/1998;6430.00;37.8;19.6
06/11/1998;6490.00;25.8;18.8
06/12/1998;6613.00;27.7;13.5
06/13/1998;5967.00;29;13.4
06/14/1998;5330.00;25.8;16.8
06/15/1998;6161.00;24.2;17.6
06/16/1998;6338.00;24;17.9
06/17/1998;6378.00;25.8;16.8
06/18/1998;6364.00;27.8;17.2
06/19/1998;6351.00;29;16.6
06/20/1998;5902.00;28;16
06/21/1998;5419.00;29;16.4
06/22/1998;6249.00;28;18.4
06/23/1998;6497.00;27.5;20
06/24/1998;6593.00;28.4;19.4
06/25/1998;6549.00;28;19.4
06/26/1998;6546.00;28;22.5
06/27/1998;5984.00;28.5;20.2
06/28/1998;5506.00;28.5;20.2
06/29/1998;6276.00;28.4;22
06/30/1998;6404.00;29.8;21.2
07/01/1998;6276.00;35;20
07/02/1998;6195.00;34.5;23.5
07/03/1998;6178.00;33.6;20
07/04/1998;5698.00;29;18.2
07/05/1998;5221.00;30.2;18.8
07/06/1998;6031.00;31.3;19.8
07/07/1998;6190.00;34.8;21.6
07/08/1998;6100.00;29;21.4
07/09/1998;6318.00;27.8;19.4
07/10/1998;6415.00;29.8;20
07/11/1998;5868.00;28.8;20
07/12/1998;5382.00;29.4;19.6
07/13/1998;6107.00;32.5;20.6
07/14/1998;6520.00;27.7;23.6
07/15/1998;6453.00;27.7;22.4
07/16/1998;6315.00;29.7;20.5
07/17/1998;6181.00;28.9;21.2
07/18/1998;5647.00;31.5;19
07/19/1998;5084.00;32.9;19
07/20/1998;6030.00;30;20.6
07/21/1998;6319.00;30.2;21.8
07/22/1998;6172.00;30.8;21.7
07/23/1998;6196.00;33;22.2
07/24/1998;6275.00;31.3;22.8
07/25/1998;5641.00;29.6;21.7
07/26/1998;5144.00;31.5;22
07/27/1998;6007.00;31.5;21.5
07/28/1998;6166.00;30.4;23
07/29/1998;6112.00;32;22.5
07/30/1998;6050.00;31.2;22.5
07/31/1998;6077.00;30.5;22.8
08/01/1998;5446.00;28.5;24
08/02/1998;4986.00;24;18.2
08/03/1998;5511.00;27.3;16
08/04/1998;5557.00;29.2;16
08/05/1998;5419.00;31.5;18
08/06/1998;5404.00;32.6;18.7
08/07/1998;5308.00;32.3;19.2
08/08/1998;4868.00;32.2;19.8
08/09/1998;4476.00;33;19.2
08/10/1998;4506.00;34;20
08/11/1998;4534.00;34.2;19.4
08/12/1998;4553.00;33.3;21.4
08/13/1998;4565.00;31.6;22
08/14/1998;4308.00;31.8;20.4
08/15/1998;3704.00;31.7;21.4
08/16/1998;3367.00;31.6;23.4
08/17/1998;3446.00;30.4;22.4
08/18/1998;3743.00;31;22.2
08/19/1998;3846.00;30;20.6
08/20/1998;3922.00;30.8;20.4
08/21/1998;3855.00;32;21
08/22/1998;3290.00;32.2;21.8
08/23/1998;3249.00;30.5;21.2
08/24/1998;3741.00;30.6;20.6
08/25/1998;3921.00;30.7;22.2
08/26/1998;4080.00;30.5;23
08/27/1998;4168.00;31.4;22.8
08/28/1998;4343.00;29.8;20.4
08/29/1998;3974.00;29.7;20.6
08/30/1998;3760.00;30.2;23
08/31/1998;4848.00;28.7;21.8
09/01/1998;5234.00;30.5;22.4
09/02/1998;5187.00;31.2;23.6
09/03/1998;5351.00;30.4;22.8
09/04/1998;5457.00;36.8;22.2
09/05/1998;4987.00;32;22.5
09/06/1998;4762.00;31.4;21.6
09/07/1998;5677.00;34.2;22.2
09/08/1998;6264.00;30.2;17.8
09/09/1998;6455.00;30;18
09/10/1998;6459.00;29.5;18.6
09/11/1998;6512.00;31;21.8
09/12/1998;5866.00;31.5;19.8
09/13/1998;5363.00;33.5;18.6
09/14/1998;6302.00;31;20.6
09/15/1998;6798.00;27.4;18.8
09/16/1998;6679.00;28.7;17.4
09/17/1998;6832.00;27.7;17.8
09/18/1998;7059.00;24.6;20
09/19/1998;6155.00;25;20.6
09/20/1998;5862.00;26;18.4
09/21/1998;6834.00;24.5;17
09/22/1998;6979.00;25;16.4
09/23/1998;6794.00;21;17
09/24/1998;6910.00;26.4;15.4
09/25/1998;6874.00;26.8;18.4
09/26/1998;6107.00;27.6;19
09/27/1998;5533.00;28.2;18.2
09/28/1998;6474.00;21.3;17.2
09/29/1998;6593.00;28.5;15.4
09/30/1998;6568.00;27;19.8
10/01/1998;6649.00;24.7;10.3
10/02/1998;6677.00;27.5;14.4
10/03/1998;6140.00;26.5;14.7
10/04/1998;5781.00;24.5;15
10/05/1998;6592.00;22;16.5
10/06/1998;6852.00;24.7;12.4
10/07/1998;6828.00;24.1;12
10/08/1998;6923.00;24.1;13.9
10/09/1998;6217.00;24.1;13.9
10/10/1998;5653.00;23.4;13.9
10/11/1998;5217.00;24.5;15.8
10/12/1998;5293.00;30.4;12.8
10/13/1998;6451.00;23;14
10/14/1998;6840.00;25;14.3
10/15/1998;6889.00;23.7;12.1
10/16/1998;6732.00;23;12.8
10/17/1998;5876.00;27.5;13.7
10/18/1998;5285.00;25.7;14.4
10/19/1998;6191.00;23;16.7
10/20/1998;6529.00;23;10
10/21/1998;6678.00;22.8;10.7
10/22/1998;6848.00;23;9.8
10/23/1998;6856.00;24.3;11
10/24/1998;6138.00;28.3;12.8
10/25/1998;5515.00;30.8;20.7
10/26/1998;6682.00;26;18.4
10/27/1998;7134.00;22.3;11.3
10/28/1998;7114.00;26.3;9
10/29/1998;6928.00;26.5;9
10/30/1998;6845.00;23.7;11.8
10/31/1998;6271.00;26.5;15
11/01/1998;5866.00;28.7;13.4
11/02/1998;6711.00;25.4;11
11/03/1998;6919.00;24;18.3
11/04/1998;6977.00;19.4;18.3
11/05/1998;7200.00;14.8;15.6
11/06/1998;7586.00;17;12.8
11/07/1998;6921.00;20;9.7
11/08/1998;6413.00;20.4;9.7
11/09/1998;7361.00;22.3;9
11/10/1998;7456.00;27.3;11.4
11/11/1998;7405.00;23.5;14.5
11/12/1998;7493.00;26.4;10.9
11/13/1998;7408.00;22.8;11
11/14/1998;6637.00;23.7;15.8
11/15/1998;6232.00;19.4;10
11/16/1998;7043.00;18.3;12.7
11/17/1998;7415.00;17.7;14.3
11/18/1998;7209.00;17;11.8
11/19/1998;7509.00;15.8;6.5
11/20/1998;7452.00;15.8;4
11/21/1998;6953.00;15;4.3
11/22/1998;6619.00;14.5;4.4
11/23/1998;7592.00;14.5;5
11/24/1998;7622.00;16;3
11/25/1998;7949.00;19.3;5.8
11/26/1998;7652.00;19;9.4
11/27/1998;7590.00;20;6.7
11/28/1998;6953.00;21;6.9
11/29/1998;6624.00;17;6.9
11/30/1998;7648.00;16.5;7
12/01/1998;7703.00;7.5;2.3
12/02/1998;7829.00;10.7;6.4
12/03/1998;7860.00;8;7
12/04/1998;7741.00;16;7
12/05/1998;7026.00;15.4;5
12/06/1998;6503.00;15.3;3
12/07/1998;7416.00;15.5;3
12/08/1998;7214.00;15.8;2.7
12/09/1998;7715.00;19.1;2.8
12/10/1998;7731.00;18.2;5.7
12/11/1998;7563.00;17.3;12.8
12/12/1998;6825.00;23.5;13.4
12/13/1998;6468.00;20.7;9.7
12/14/1998;7449.00;22.5;6.4
12/15/1998;7587.00;20;5.3
12/16/1998;7676.00;15.5;5.7
12/17/1998;7824.00;16.5;3.8
12/18/1998;7644.00;15;8.3
12/19/1998;6690.00;18.7;3.8
12/20/1998;6041.00;19.5;4.4
12/21/1998;7097.00;16;10
12/22/1998;7317.00;14.7;1.3
12/23/1998;6876.00;12.7;3.8
12/24/1998;4858.00;16;6
12/25/1998;3163.00;15.3;2.3
12/26/1998;3671.00;17.8;1.3
12/27/1998;3900.00;18.5;0.7
12/28/1998;4656.00;15.3;2.3
12/29/1998;4702.00;15.3;2.5
12/30/1998;4818.00;12.8;7.5
12/31/1998;4253.00;14.7;7
01/01/1999;3143.00;12.3;7
01/02/1999;3828.00;16;8.8
01/03/1999;3940.00;16.5;6.6
01/04/1999;5595.00;18.3;4.3
01/05/1999;6077.00;18;3.3
01/06/1999;5433.00;14.7;5.5
01/07/1999;6599.00;21.8;3.7
01/08/1999;6935.00;21.7;9.4
01/09/1999;6298.00;16;9.8
01/10/1999;5823.00;13.4;8.7
01/11/1999;7104.00;13.4;2
01/12/1999;7578.00;11.7;3.3
01/13/1999;7364.00;19.7;2.3
01/14/1999;7403.00;16;3.5
01/15/1999;7302.00;16.5;7.4
01/16/1999;6442.00;18;1.7
01/17/1999;6071.00;16.3;8.4
01/18/1999;7343.00;16.9;2.8
01/19/1999;7563.00;17.5;3.3
01/20/1999;7560.00;17;1.3
01/21/1999;7565.00;14.5;2.7
01/22/1999;7299.00;13.5;11
01/23/1999;6429.00;15.7;8.9
01/24/1999;6165.00;17.3;6.8
01/25/1999;7094.00;18.4;4.5
01/26/1999;7341.00;20.7;4.4
01/27/1999;7140.00;19.5;10.5
01/28/1999;7218.00;22.4;9.3
01/29/1999;7003.00;22;11.5
01/30/1999;6493.00;16.3;11.3
01/31/1999;6284.00;9.3;4.7
02/01/1999;7584.00;11.8;-1.3
02/02/1999;7759.00;13.8;-0.5
02/03/1999;7677.00;15.4;1
02/04/1999;7702.00;19.7;2.8
02/05/1999;7752.00;25.8;4.7
02/06/1999;6808.00;17;11.5
02/07/1999;6264.00;19.8;4.5
02/08/1999;7322.00;18;5.8
02/09/1999;7720.00;17.3;5.8
02/10/1999;7750.00;13.4;5
02/11/1999;7910.00;14;4
02/12/1999;7726.00;13;6.7
02/13/1999;6955.00;12;2
02/14/1999;6285.00;11.8;2.3
02/15/1999;7516.00;13;-1.2
02/16/1999;7597.00;16.5;5.7
02/17/1999;7600.00;19.3;4
02/18/1999;7581.00;21.7;4.7
02/19/1999;7402.00;21.3;6.5
02/20/1999;6673.00;24;6.8
02/21/1999;6117.00;24.4;8.8
02/22/1999;6928.00;27;10.3
02/23/1999;7118.00;23;11.7
02/24/1999;7132.00;22.4;12
02/25/1999;7133.00;14.5;12
02/26/1999;7089.00;19;12
02/27/1999;6487.00;15;7
02/28/1999;5936.00;19;12.8
03/01/1999;7061.00;18.3;8
03/02/1999;7259.00;21.6;5.4
03/03/1999;7235.00;23;5.8
03/04/1999;7374.00;16.4;10.6
03/05/1999;7425.00;16.6;9.4
03/06/1999;6611.00;18.3;5.6
03/07/1999;6126.00;18.2;4.4
03/08/1999;7174.00;21.5;5
03/09/1999;7436.00;18.2;5.6
03/10/1999;7464.00;19.3;8
03/11/1999;7471.00;18.5;8.3
03/12/1999;7387.00;17.8;11.5
03/13/1999;6566.00;19.8;11.4
03/14/1999;6140.00;14;12.4
03/15/1999;7270.00;14.3;12
03/16/1999;7458.00;21.5;7.8
03/17/1999;7210.00;23;11
03/18/1999;7066.00;20.8;8.3
03/19/1999;6222.00;22.5;7.4
03/20/1999;6048.00;19;10
03/21/1999;5826.00;19;9.4
03/22/1999;6931.00;22.4;9.3
03/23/1999;7194.00;18;7
03/24/1999;7336.00;14;9
03/25/1999;7260.00;21.5;10.3
03/26/1999;7486.00;18.3;10.8
03/27/1999;6812.00;18.5;9.8
03/28/1999;6090.00;21.3;8.3
03/29/1999;7226.00;21;7.3
03/30/1999;7340.00;22.4;7.4
03/31/1999;7288.00;19.5;8.5
04/01/1999;6948.00;21;8.7
04/02/1999;5762.00;24.3;10
04/03/1999;5291.00;26.3;10.4
04/04/1999;4818.00;24;13
04/05/1999;4869.00;24.3;11.7
04/06/1999;6092.00;26.4;11
04/07/1999;6284.00;22;11.8
04/08/1999;6483.00;25.8;11
04/09/1999;6537.00;21;8.8
04/10/1999;5898.00;28.5;8
04/11/1999;5256.00;23.7;11.4
04/12/1999;6045.00;25.5;8.7
04/13/1999;6914.00;23.7;13.3
04/14/1999;7160.00;20.5;9
04/15/1999;7141.00;17;10.3
04/16/1999;7343.00;19.5;5
04/17/1999;6474.00;19.7;11.4
04/18/1999;5901.00;21.8;7.4
04/19/1999;7039.00;22;8.8
04/20/1999;7258.00;27;11.7
04/21/1999;7145.00;27;20.4
04/22/1999;7158.00;27.3;15.5
04/23/1999;7202.00;26;13.5
04/24/1999;6569.00;22.8;11
04/25/1999;6171.00;25.5;9.4
04/26/1999;7171.00;25.5;12.4
04/27/1999;7597.00;18.5;14.5
04/28/1999;7624.00;18.8;13.8
04/29/1999;7608.00;23.4;10.3
04/30/1999;7385.00;24;12.3
05/01/1999;6457.00;22.5;12.1
05/02/1999;6145.00;23.9;13.8
05/03/1999;7378.00;23.8;14.7
05/04/1999;7440.00;27.7;14
05/05/1999;7378.00;30.5;19.5
05/06/1999;7411.00;26.5;17.3
05/07/1999;7467.00;24.8;17
05/08/1999;6574.00;26;17.3
05/09/1999;6136.00;23.8;14.3
05/10/1999;7066.00;26;15.5
05/11/1999;7251.00;26.8;15
05/12/1999;7253.00;25.5;15
05/13/1999;7390.00;24.5;17.3
05/14/1999;7199.00;36;11
05/15/1999;6435.00;25.5;18.4
05/16/1999;5958.00;23;18.8
05/17/1999;6891.00;27.3;17.4
05/18/1999;7293.00;26;15.5
05/19/1999;7431.00;23.4;14
05/20/1999;7400.00;26;12.4
05/21/1999;7370.00;25.5;15
05/22/1999;6618.00;28.5;13.4
05/23/1999;6017.00;25.8;14.4
05/24/1999;7146.00;25.5;14
05/25/1999;7343.00;26.5;14
05/26/1999;7300.00;26.5;15.4
05/27/1999;7290.00;28;17.8
05/28/1999;7257.00;25;16
05/29/1999;6400.00;24.3;19.3
05/30/1999;6024.00;24.3;18.5
05/31/1999;6937.00;26.8;19.5
06/01/1999;7096.00;27.8;19
06/02/1999;7141.00;32.3;18
06/03/1999;7165.00;34.8;18
06/04/1999;7106.00;26;18.5
06/05/1999;6230.00;30.3;18.3
06/06/1999;5589.00;26;18.8
06/07/1999;6516.00;26;17.8
06/08/1999;7171.00;23.5;18
06/09/1999;7100.00;24;15.8
06/10/1999;7160.00;26.4;14.8
06/11/1999;7247.00;26.7;16
06/12/1999;6383.00;27.5;16.7
06/13/1999;5874.00;28;18.7
06/14/1999;6975.00;26.7;18.5
06/15/1999;7182.00;27.8;17.8
06/16/1999;7012.00;28.5;18.4
06/17/1999;7049.00;26.5;21
06/18/1999;7143.00;27;18.5
06/19/1999;6406.00;29;17.8
06/20/1999;6082.00;27.3;17.5
06/21/1999;7067.00;30.5;19
06/22/1999;7489.00;23.8;21.3
06/23/1999;7468.00;27.4;18.8
06/24/1999;7320.00;27.7;17.5
06/25/1999;7300.00;28.7;17.3
06/26/1999;6445.00;28.8;18.3
06/27/1999;5809.00;29.8;18.8
06/28/1999;6873.00;26.5;20.7
06/29/1999;7265.00;29.4;19.4
06/30/1999;7059.00;29;20
07/01/1999;7472.00;30.5;19.3
07/02/1999;7278.00;30.5;20.3
07/03/1999;6452.00;29.5;20.7
07/04/1999;5895.00;31.3;20.4
07/05/1999;7047.00;30.7;21.8
07/06/1999;7477.00;30;20.7
07/07/1999;7666.00;29;22.3
07/08/1999;7587.00;29.4;20.3
07/09/1999;7376.00;30.4;20.3
07/10/1999;6554.00;30.5;20.5
07/11/1999;6063.00;30;22.8
07/12/1999;7047.00;29.5;20
07/13/1999;7312.00;30;20.7
07/14/1999;7408.00;30;21.3
07/15/1999;7352.00;30.5;20
07/16/1999;7289.00;31;21.7
07/17/1999;6565.00;30.8;21
07/18/1999;6111.00;29;22.3
07/19/1999;7138.00;30.5;22.8
07/20/1999;7354.00;31.7;21.8
07/21/1999;7324.00;30;21.3
07/22/1999;7158.00;32;22
07/23/1999;7135.00;29.3;23.3
07/24/1999;6320.00;31.3;23.4
07/25/1999;5647.00;30.7;23.8
07/26/1999;6714.00;30.3;23.3
07/27/1999;6873.00;29;22.7
07/28/1999;6931.00;30.3;17.7
07/29/1999;6982.00;31;19.8
07/30/1999;6895.00;30.8;21.7
07/31/1999;6038.00;30;23.7
08/01/1999;5724.00;29.5;21
08/02/1999;6176.00;30.4;21.9
08/03/1999;6273.00;29.7;22.3
08/04/1999;6185.00;33;22
08/05/1999;6259.00;31.5;23.5
08/06/1999;6056.00;33.3;24.3
08/07/1999;5417.00;32.3;23.7
08/08/1999;4922.00;35;24.5
08/09/1999;5007.00;35.3;22.8
08/10/1999;5149.00;32;22
08/11/1999;5085.00;30.8;21.4
08/12/1999;5154.00;31.7;21
08/13/1999;5021.00;29.4;19
08/14/1999;4480.00;31;22.8
08/15/1999;3925.00;31.3;21.7
08/16/1999;4009.00;35.3;22.4
08/17/1999;4061.00;33;25.4
08/18/1999;4036.00;31.4;22.7
08/19/1999;4156.00;28.5;25.7
08/20/1999;4232.00;31;22.3
08/21/1999;3893.00;32;23
08/22/1999;3609.00;31.8;22
08/23/1999;4047.00;31.5;21.9
08/24/1999;4158.00;31.3;22.4
08/25/1999;4403.00;32;23
08/26/1999;4624.00;34.9;24.4
08/27/1999;4633.00;32.3;22
08/28/1999;4217.00;31.8;22.8
08/29/1999;4025.00;30.4;23.7
08/30/1999;5048.00;31.3;22.8
08/31/1999;5577.00;30;23
09/01/1999;5952.00;29.5;23
09/02/1999;6299.00;33;21.7
09/03/1999;6297.00;37;20.8
09/04/1999;5516.00;29;23.5
09/05/1999;5167.00;29.3;20.4
09/06/1999;6346.00;29.5;19.8
09/07/1999;7042.00;27.8;18.3
09/08/1999;7364.00;28.5;19.4
09/09/1999;7394.00;31;19.7
09/10/1999;7347.00;30.3;19.4
09/11/1999;6704.00;29.8;19
09/12/1999;6051.00;29.5;20.4
09/13/1999;7405.00;28.5;20
09/14/1999;7723.00;26.8;20.8
09/15/1999;7813.00;29;16.4
09/16/1999;7531.00;32.7;21
09/17/1999;7487.00;31.5;19.5
09/18/1999;6828.00;28;17.3
09/19/1999;6286.00;20.5;20
09/20/1999;7386.00;25.5;14.4
09/21/1999;7611.00;29.3;18
09/22/1999;7436.00;28.7;17.3
09/23/1999;7555.00;31;17.3
09/24/1999;7401.00;30.5;18.7
09/25/1999;6462.00;27.4;18.4
09/26/1999;5914.00;29;16.7
09/27/1999;7060.00;28.5;16.4
09/28/1999;7445.00;32;16.3
09/29/1999;7530.00;33.7;16.8
09/30/1999;7576.00;31.3;20
10/01/1999;7609.00;27;15
10/02/1999;6787.00;28.4;14.7
10/03/1999;6204.00;31;15.8
10/04/1999;7294.00;23.8;18.7
10/05/1999;7727.00;24;16
10/06/1999;7757.00;18.7;17.4
10/07/1999;7992.00;20.3;15
10/08/1999;7980.00;25;15
10/09/1999;7067.00;23.3;15
10/10/1999;6559.00;24;11.7
10/11/1999;7181.00;22.5;16.5
10/12/1999;6859.00;19.5;16.8
10/13/1999;7777.00;27;14.3
10/14/1999;7943.00;25.5;15.8
10/15/1999;8116.00;26.7;14.5
10/16/1999;7176.00;26.5;14.3
10/17/1999;6500.00;24.5;16.4
10/18/1999;7628.00;23;14.4
10/19/1999;7862.00;23.8;13.5
10/20/1999;7976.00;16.5;13.4
10/21/1999;7981.00;22.3;14
10/22/1999;8056.00;25.8;17.7
10/23/1999;6996.00;24.4;17.3
10/24/1999;6445.00;21.3;18
10/25/1999;7551.00;22.3;13.3
10/26/1999;7669.00;18;13.5
10/27/1999;7806.00;20.3;15.7
10/28/1999;7794.00;24;14.3
10/29/1999;7808.00;26;17.3
10/30/1999;6877.00;26.3;15.3
10/31/1999;6579.00;24.5;14
11/01/1999;6421.00;24;12
11/02/1999;7667.00;25.3;13.7
11/03/1999;8042.00;20.7;14
11/04/1999;8209.00;23.5;9.4
11/05/1999;8167.00;20.8;9
11/06/1999;7363.00;23.5;13.4
11/07/1999;6656.00;23;14
11/08/1999;7890.00;21.8;8.3
11/09/1999;8212.00;19;8.4
11/10/1999;8323.00;19.4;9.7
11/11/1999;8548.00;13.5;10.3
11/12/1999;8425.00;16;10.4
11/13/1999;7463.00;17.3;11
11/14/1999;6896.00;16;6.4
11/15/1999;8119.00;14.4;9.4
11/16/1999;8513.00;17.5;7.7
11/17/1999;8431.00;17.8;4.3
11/18/1999;8392.00;20.4;6.7
11/19/1999;8377.00;19.5;11.4
11/20/1999;7696.00;13;8.4
11/21/1999;7161.00;11.3;3.4
11/22/1999;8327.00;14;3.8
11/23/1999;8795.00;14.8;1.7
11/24/1999;8721.00;17.5;2.7
11/25/1999;8724.00;16.4;4
11/26/1999;8748.00;13.8;6.4
11/27/1999;7684.00;16;6.3
11/28/1999;7245.00;15.5;4.8
11/29/1999;8250.00;15.5;8.8
11/30/1999;8659.00;17.5;11.4
12/01/1999;8516.00;17.3;12.4
12/02/1999;8642.00;19.4;6.8
12/03/1999;8521.00;19;7.8
12/04/1999;7641.00;14.7;7.3
12/05/1999;6843.00;19.5;8
12/06/1999;7109.00;16;6
12/07/1999;8004.00;18.5;3.4
12/08/1999;7542.00;15.5;3.3
12/09/1999;8284.00;15.3;3.8
12/10/1999;8504.00;16;7.4
12/11/1999;7566.00;17.5;9.5
12/12/1999;6765.00;16.8;12.8
12/13/1999;8029.00;20;8
12/14/1999;8233.00;19.8;9.8
12/15/1999;8293.00;17.4;15.8
12/16/1999;8740.00;10.3;5.4
12/17/1999;8414.00;13;-0.2
12/18/1999;7580.00;13;2.4
12/19/1999;6850.00;15.3;8.4
12/20/1999;7985.00;19.8;7
12/21/1999;8432.00;17;5
12/22/1999;8507.00;15.7;4.7
12/23/1999;7944.00;13.8;3.3
12/24/1999;5738.00;17;2
12/25/1999;3897.00;17.4;10
12/26/1999;3994.00;17.4;14.5
12/27/1999;5492.00;20.8;16.8
12/28/1999;5997.00;18.5;13.8
12/29/1999;6131.00;11;9.7
12/30/1999;6085.00;14;5.4
12/31/1999;4960.00;14.4;3.7
01/01/2000;3727.00;16;1.7
01/02/2000;4317.00;14.5;2.4
01/03/2000;6549.00;15;5.4
01/04/2000;7566.00;16.7;3.7
01/05/2000;7413.00;15.8;2.8
01/06/2000;6459.00;15.7;0.4
01/07/2000;7396.00;15.4;1.4
01/08/2000;6952.00;14.3;2
01/09/2000;6501.00;14.5;5
01/10/2000;7915.00;11.3;7.7
01/11/2000;8378.00;11.3;7
01/12/2000;8251.00;15.5;2.4
01/13/2000;8368.00;13.8;2.5
01/14/2000;8147.00;9.8;3.8
01/15/2000;7692.00;9.8;3.8
01/16/2000;7170.00;12.7;6.7
01/17/2000;8000.00;17;4.8
01/18/2000;8210.00;18.5;2.3
01/19/2000;8266.00;18.5;4.5
01/20/2000;8325.00;18.5;4.5
01/21/2000;8331.00;18.5;4.5
01/22/2000;7614.00;18.5;4.5
01/23/2000;7146.00;15;4.5
01/24/2000;8154.00;12.3;1
01/25/2000;8917.00;11;-0.3
01/26/2000;8569.00;12.3;2.7
01/27/2000;8572.00;13.3;6.4
01/28/2000;8183.00;16;5.7
01/29/2000;7418.00;16;5
01/30/2000;6742.00;22.7;5
01/31/2000;7988.00;18.4;7
02/01/2000;8146.00;25;6
02/02/2000;8062.00;23.7;13.3
02/03/2000;8511.00;24;9.8
02/04/2000;8527.00;21;5.5
02/05/2000;7719.00;18.8;4.4
02/06/2000;7068.00;16.5;4.4
02/07/2000;8249.00;22.4;6.4
02/08/2000;8582.00;24.8;10
02/09/2000;8744.00;22.5;10
02/10/2000;8810.00;22.3;6
02/11/2000;8700.00;21.3;8
02/12/2000;7795.00;17.5;8
02/13/2000;7273.00;18;3.3
02/14/2000;8270.00;22.3;11
02/15/2000;8616.00;21;8.7
02/16/2000;8643.00;23.3;9.4
02/17/2000;8761.00;23.8;9.4
02/18/2000;8809.00;24;11.3
02/19/2000;7892.00;26.3;10.8
02/20/2000;7300.00;18;8.5
02/21/2000;8536.00;18.7;8.8
02/22/2000;8926.00;16.5;7
02/23/2000;8923.00;19;7
02/24/2000;8974.00;19;7
02/25/2000;8775.00;18.8;6
02/26/2000;7830.00;18.5;6.8
02/27/2000;6839.00;21;4.4
02/28/2000;8604.00;17;7.7
02/29/2000;8889.00;19;7
03/01/2000;8827.00;25.8;9.3
03/02/2000;8968.00;20;8
03/03/2000;9072.00;19.5;4.3
03/04/2000;8078.00;23;5.7
03/05/2000;7541.00;18.5;7.4
03/06/2000;8756.00;18.4;8.8
03/07/2000;9046.00;18.5;7.7
03/08/2000;9029.00;19.5;7.3
03/09/2000;9036.00;23.3;7.3
03/10/2000;8810.00;23.8;9
03/11/2000;7862.00;23.5;8.4
03/12/2000;7224.00;20.5;9.7
03/13/2000;8493.00;17.5;8
03/14/2000;9157.00;19.3;11
03/15/2000;9059.00;25.8;8.5
03/16/2000;9209.00;18;9.4
03/17/2000;8949.00;23;6.8
03/18/2000;7826.00;22;8
03/19/2000;7321.00;18;9
03/20/2000;8702.00;12.7;10.7
03/21/2000;9211.00;16.3;10.8
03/22/2000;9157.00;14.7;12.8
03/23/2000;8894.00;19.8;13
03/24/2000;8924.00;20.5;9
03/25/2000;8022.00;22.4;9.4
03/26/2000;7103.00;21.5;8.8
03/27/2000;8465.00;21;9.3
03/28/2000;8818.00;17;11
03/29/2000;8759.00;18.8;4.4
03/30/2000;8724.00;18.5;6.5
03/31/2000;8629.00;22;10.4
04/01/2000;7741.00;19.7;10.7
04/02/2000;7132.00;17.8;12.7
04/03/2000;8359.00;21.5;10.4
04/04/2000;8609.00;20.5;10.4
04/05/2000;8402.00;20.7;10
04/06/2000;8410.00;18.7;7.3
04/07/2000;8346.00;17.7;8.7
04/08/2000;7480.00;14.8;12.3
04/09/2000;7163.00;20.3;11
04/10/2000;8531.00;21.8;11.7
04/11/2000;8994.00;23.7;10.8
04/12/2000;8699.00;20.4;11
04/13/2000;8783.00;23.3;13.3
04/14/2000;8892.00;25.3;13.3
04/15/2000;8034.00;20.7;9.4
04/16/2000;7464.00;19;11.7
04/17/2000;8752.00;22.3;11.8
04/18/2000;9130.00;22;12.8
04/19/2000;8758.00;26.5;17.3
04/20/2000;7956.00;28.7;16.3
04/21/2000;6788.00;28.8;16
04/22/2000;6368.00;25.7;12.7
04/23/2000;5792.00;23.4;12.8
04/24/2000;5879.00;27;11.8
04/25/2000;7290.00;24.8;11.7
04/26/2000;7902.00;21.5;11.8
04/27/2000;8004.00;22.1;12.7
04/28/2000;8045.00;22;10
04/29/2000;7317.00;20.8;9
04/30/2000;6530.00;19;13.3
05/01/2000;6558.00;20.3;11.4
05/02/2000;8270.00;23;11.7
05/03/2000;8819.00;22.5;12.4
05/04/2000;8746.00;24;14.5
05/05/2000;8567.00;23.5;15.8
05/06/2000;7604.00;23;12.4
05/07/2000;6964.00;23.3;14.8
05/08/2000;8286.00;22.8;13.5
05/09/2000;8556.00;23.7;14.5
05/10/2000;8563.00;25;14.8
05/11/2000;8790.00;26;14.4
05/12/2000;8606.00;22.7;14.8
05/13/2000;7552.00;26;13.7
05/14/2000;6512.00;27;14.3
05/15/2000;7881.00;26.5;14.3
05/16/2000;8878.00;27;14.4
05/17/2000;8837.00;26.5;15
05/18/2000;8894.00;26.5;15.4
05/19/2000;8741.00;24.5;16
05/20/2000;7729.00;24.8;16
05/21/2000;7149.00;21.8;16
05/22/2000;8423.00;25.3;15.8
05/23/2000;8802.00;25.8;17.4
05/24/2000;8650.00;28;18
05/25/2000;8350.00;29.5;18.3
05/26/2000;8298.00;28.5;19.4
05/27/2000;7357.00;26.3;19.4
05/28/2000;6866.00;34;16.8
05/29/2000;8130.00;33.5;20.5
05/30/2000;8518.00;29.3;21.3
05/31/2000;8372.00;29;20.4
06/01/2000;8421.00;29.3;20
06/02/2000;8377.00;30;20.5
06/03/2000;7587.00;27.4;18.8
06/04/2000;6919.00;27.7;19.5
06/05/2000;8216.00;30.7;17.8
06/06/2000;8692.00;27.5;17.4
06/07/2000;8943.00;26.7;15
06/08/2000;8885.00;27;16.4
06/09/2000;8655.00;25.8;18
06/10/2000;7707.00;21.3;14.5
06/11/2000;6976.00;28.4;15.4
06/12/2000;8442.00;26;15.4
06/13/2000;8689.00;27.8;16.7
06/14/2000;8739.00;28.5;18.7
06/15/2000;8568.00;31;18.3
06/16/2000;8355.00;35;21
06/17/2000;7519.00;32;21.3
06/18/2000;7009.00;25.5;20
06/19/2000;8366.00;27.8;19.4
06/20/2000;8706.00;27;17.8
06/21/2000;8681.00;27.7;18.4
06/22/2000;8711.00;27.8;19.3
06/23/2000;8675.00;27.5;20.8
06/24/2000;7690.00;26.5;21.3
06/25/2000;6982.00;27.7;21.3
06/26/2000;8243.00;27.5;20
06/27/2000;8542.00;32;20
06/28/2000;8512.00;29.7;19.4
06/29/2000;8459.00;29.8;21.4
06/30/2000;8536.00;29.4;20.3
